{"cameraMode":{"drawMode":0,"name":"Shaded","section":"Shading Mode"},"sceneLighting":false,"audioPlay":false,"sceneViewState":{"showFog":true,"showMaterialUpdate":false,"showSkybox":false,"showFlares":true,"showImageEffects":true,"showParticleSystems":true,"showVisualEffectGraphs":true,"m_FxEnabled":true},"in2DMode":false,"pivot":{"x":3.069999933242798,"y":-0.037564873695373538,"z":-5.010000228881836},"rotation":{"x":-0.015393958427011967,"y":-0.004927105735987425,"z":0.0008474118076264858,"w":-0.9999339580535889},"size":1.8306708335876465,"orthographic":false}