{"cameraMode":{"drawMode":0,"name":"Shaded","section":"Shading Mode"},"sceneLighting":true,"audioPlay":false,"sceneViewState":{"showFog":true,"showMaterialUpdate":false,"showSkybox":true,"showFlares":true,"showImageEffects":true,"showParticleSystems":true,"showVisualEffectGraphs":true,"m_FxEnabled":true},"in2DMode":false,"pivot":{"x":8.635583877563477,"y":2.2452304363250734,"z":-12.131829261779786},"rotation":{"x":-0.1022353246808052,"y":-0.00034979061456397176,"z":0.0009362139389850199,"w":-0.9949206113815308},"size":12.477696418762207,"orthographic":false}