{"cameraMode":{"drawMode":0,"name":"Shaded","section":"Shading Mode"},"sceneLighting":true,"audioPlay":false,"sceneViewState":{"showFog":true,"showMaterialUpdate":false,"showSkybox":true,"showFlares":true,"showImageEffects":true,"showParticleSystems":true,"showVisualEffectGraphs":true,"m_FxEnabled":true},"in2DMode":false,"pivot":{"x":16.256807327270509,"y":11.546924591064454,"z":-4.044834136962891},"rotation":{"x":-0.06950327754020691,"y":-0.038013994693756106,"z":0.0029441185761243107,"w":-0.9970248937606812},"size":11.384198188781739,"orthographic":false}