{"cameraMode":{"drawMode":0,"name":"Shaded","section":"Shading Mode"},"sceneLighting":true,"audioPlay":false,"sceneViewState":{"showFog":true,"showMaterialUpdate":false,"showSkybox":true,"showFlares":true,"showImageEffects":true,"showParticleSystems":true,"showVisualEffectGraphs":true,"m_FxEnabled":true},"in2DMode":false,"pivot":{"x":3.639970541000366,"y":5.429154872894287,"z":-17.24162483215332},"rotation":{"x":-0.0678555816411972,"y":0.008596046827733517,"z":0.00023211688676383346,"w":-0.9977417588233948},"size":9.350207328796387,"orthographic":false}