{"cameraMode":{"drawMode":0,"name":"Shaded","section":"Shading Mode"},"sceneLighting":true,"audioPlay":false,"sceneViewState":{"showFog":true,"showMaterialUpdate":false,"showSkybox":true,"showFlares":true,"showImageEffects":true,"showParticleSystems":true,"showVisualEffectGraphs":true,"m_FxEnabled":true},"in2DMode":false,"pivot":{"x":1.7927063703536988,"y":-2.711625099182129,"z":87.54507446289063},"rotation":{"x":0.00560830719769001,"y":-0.007946201600134373,"z":0.0007102841627784073,"w":-1.000081181526184},"size":54.754844665527347,"orthographic":false}