{"cameraMode":{"drawMode":0,"name":"Shaded","section":"Shading Mode"},"sceneLighting":true,"audioPlay":false,"sceneViewState":{"showFog":true,"showMaterialUpdate":false,"showSkybox":true,"showFlares":true,"showImageEffects":true,"showParticleSystems":true,"showVisualEffectGraphs":true,"m_FxEnabled":true},"in2DMode":false,"pivot":{"x":0.31135088205337527,"y":1.3432841300964356,"z":-8.122105598449707},"rotation":{"x":-0.07098257541656494,"y":-0.04457565024495125,"z":0.0031800500582903625,"w":-0.996527910232544},"size":3.1799628734588625,"orthographic":false}