{"cameraMode":{"drawMode":0,"name":"Shaded","section":"Shading Mode"},"sceneLighting":true,"audioPlay":false,"sceneViewState":{"showFog":true,"showMaterialUpdate":false,"showSkybox":true,"showFlares":true,"showImageEffects":true,"showParticleSystems":true,"showVisualEffectGraphs":true,"m_FxEnabled":true},"in2DMode":false,"pivot":{"x":21.990507125854493,"y":8.947564125061036,"z":5.121859073638916},"rotation":{"x":-0.0007889935513958335,"y":0.9970498085021973,"z":-0.07742375135421753,"w":-0.00009061668970389292},"size":6.490242004394531,"orthographic":false}