{"cameraMode":{"drawMode":0,"name":"Shaded","section":"Shading Mode"},"sceneLighting":true,"audioPlay":false,"sceneViewState":{"showFog":true,"showMaterialUpdate":false,"showSkybox":true,"showFlares":true,"showImageEffects":true,"showParticleSystems":true,"showVisualEffectGraphs":true,"m_FxEnabled":true},"in2DMode":false,"pivot":{"x":18.731258392333986,"y":6.977893829345703,"z":-1.7906312942504883},"rotation":{"x":-0.028210574761033059,"y":0.003896701382473111,"z":0.0001234987284988165,"w":-0.9997485280036926},"size":12.615363121032715,"orthographic":false}