{"cameraMode":{"drawMode":0,"name":"Shaded","section":"Shading Mode"},"sceneLighting":true,"audioPlay":false,"sceneViewState":{"showFog":true,"showMaterialUpdate":false,"showSkybox":true,"showFlares":true,"showImageEffects":true,"showParticleSystems":true,"showVisualEffectGraphs":true,"m_FxEnabled":true},"in2DMode":false,"pivot":{"x":6.19094705581665,"y":-0.679087221622467,"z":18.414730072021486},"rotation":{"x":0.039392776787281039,"y":-0.004678743425756693,"z":-0.0005919057293795049,"w":0.9992709159851074},"size":21.80913734436035,"orthographic":false}