{"cameraMode":{"drawMode":0,"name":"Shaded","section":"Shading Mode"},"sceneLighting":true,"audioPlay":false,"sceneViewState":{"showFog":true,"showMaterialUpdate":false,"showSkybox":true,"showFlares":true,"showImageEffects":true,"showParticleSystems":true,"showVisualEffectGraphs":true,"m_FxEnabled":true},"in2DMode":false,"pivot":{"x":13.293173789978028,"y":2.719768762588501,"z":0.19343914091587068},"rotation":{"x":-0.14564725756645204,"y":0.057248909026384357,"z":-0.008445128798484803,"w":-0.9876721501350403},"size":7.295931816101074,"orthographic":false}