{"cameraMode":{"drawMode":0,"name":"Shaded","section":"Shading Mode"},"sceneLighting":true,"audioPlay":false,"sceneViewState":{"showFog":true,"showMaterialUpdate":false,"showSkybox":true,"showFlares":true,"showImageEffects":true,"showParticleSystems":true,"showVisualEffectGraphs":true,"m_FxEnabled":true},"in2DMode":false,"pivot":{"x":6.442412376403809,"y":2.269052505493164,"z":-0.7911872863769531},"rotation":{"x":0.1562577784061432,"y":-0.0411560945212841,"z":0.0057053701020777229,"w":0.9868857264518738},"size":13.056808471679688,"orthographic":false}