{"cameraMode":{"drawMode":0,"name":"Shaded","section":"Shading Mode"},"sceneLighting":true,"audioPlay":false,"sceneViewState":{"showFog":true,"showMaterialUpdate":false,"showSkybox":true,"showFlares":true,"showImageEffects":true,"showParticleSystems":true,"showVisualEffectGraphs":true,"m_FxEnabled":true},"in2DMode":false,"pivot":{"x":11.517739295959473,"y":-49.97924041748047,"z":123.71624755859375},"rotation":{"x":0.19319406151771546,"y":0.025307822972536088,"z":-0.005769337993115187,"w":0.9808456897735596},"size":92.03544616699219,"orthographic":false}