{"cameraMode":{"drawMode":0,"name":"Shaded","section":"Shading Mode"},"sceneLighting":true,"audioPlay":false,"sceneViewState":{"showFog":true,"showMaterialUpdate":false,"showSkybox":true,"showFlares":true,"showImageEffects":true,"showParticleSystems":true,"showVisualEffectGraphs":true,"m_FxEnabled":true},"in2DMode":false,"pivot":{"x":4.417172908782959,"y":-0.6534090638160706,"z":12.064310073852539},"rotation":{"x":0.03337671607732773,"y":-0.05801381170749664,"z":0.0013118528295308352,"w":0.99776291847229},"size":15.494064331054688,"orthographic":false}