{"cameraMode":{"drawMode":0,"name":"Shaded","section":"Shading Mode"},"sceneLighting":false,"audioPlay":false,"sceneViewState":{"showFog":true,"showMaterialUpdate":false,"showSkybox":false,"showFlares":true,"showImageEffects":true,"showParticleSystems":true,"showVisualEffectGraphs":true,"m_FxEnabled":true},"in2DMode":false,"pivot":{"x":6.326472282409668,"y":1.2478829622268677,"z":-53.6804084777832},"rotation":{"x":0.0008901112014427781,"y":-0.008701757527887822,"z":-0.0000063685674831504,"w":-1.0000115633010865},"size":1.9598594903945923,"orthographic":false}