{"cameraMode":{"drawMode":0,"name":"Shaded","section":"Shading Mode"},"sceneLighting":false,"audioPlay":false,"sceneViewState":{"showFog":true,"showMaterialUpdate":false,"showSkybox":false,"showFlares":true,"showImageEffects":true,"showParticleSystems":true,"showVisualEffectGraphs":true,"m_FxEnabled":true},"in2DMode":false,"pivot":{"x":14.85119915008545,"y":8.289644241333008,"z":-11.504913330078125},"rotation":{"x":-0.046093087643384936,"y":0.02685321681201458,"z":0.000452494656201452,"w":0.9986297488212586},"size":8.826264381408692,"orthographic":false}